{"cameraMode":{"drawMode":0,"name":"Shaded","section":"Shading Mode"},"sceneLighting":true,"audioPlay":false,"sceneViewState":{"m_AlwaysRefresh":false,"showFog":true,"showSkybox":true,"showFlares":true,"showImageEffects":true,"showParticleSystems":true,"showVisualEffectGraphs":true,"m_FxEnabled":true},"in2DMode":false,"pivot":{"x":336.6624450683594,"y":273.9705505371094,"z":-43.5360107421875},"rotation":{"x":0.05877505615353584,"y":0.005985746160149574,"z":-0.0003521005273796618,"w":0.9982576370239258},"size":133.0902557373047,"orthographic":false}