{"cameraMode":{"drawMode":0,"name":"Shaded","section":"Shading Mode"},"sceneLighting":true,"audioPlay":false,"sceneViewState":{"m_AlwaysRefresh":false,"showFog":true,"showSkybox":true,"showFlares":true,"showImageEffects":true,"showParticleSystems":true,"showVisualEffectGraphs":true,"m_FxEnabled":true},"in2DMode":false,"pivot":{"x":316.4961242675781,"y":247.1714630126953,"z":30.61407470703125},"rotation":{"x":0.06313639134168625,"y":0.06432311981916428,"z":-0.004076410084962845,"w":0.9959292411804199},"size":288.1929626464844,"orthographic":true}