{"cameraMode":{"drawMode":0,"name":"Shaded","section":"Shading Mode"},"sceneLighting":true,"audioPlay":false,"sceneViewState":{"m_AlwaysRefresh":false,"showFog":true,"showSkybox":true,"showFlares":true,"showImageEffects":true,"showParticleSystems":true,"showVisualEffectGraphs":true,"m_FxEnabled":true},"in2DMode":false,"pivot":{"x":311.4670715332031,"y":130.8600616455078,"z":576.8092041015625},"rotation":{"x":0.04229666665196419,"y":0.004491399507969618,"z":-0.00019056934979744256,"w":0.9990982413291931},"size":592.590576171875,"orthographic":false}