{"cameraMode":{"drawMode":0,"name":"Shaded","section":"Shading Mode"},"sceneLighting":true,"audioPlay":false,"sceneViewState":{"m_AlwaysRefresh":false,"showFog":true,"showSkybox":true,"showFlares":true,"showImageEffects":true,"showParticleSystems":true,"showVisualEffectGraphs":true,"m_FxEnabled":true},"in2DMode":false,"pivot":{"x":254.44961547851563,"y":312.7142333984375,"z":-23.406036376953126},"rotation":{"x":0.07430730760097504,"y":0.025430135428905488,"z":-0.001877126283943653,"w":0.9969218969345093},"size":175.45314025878907,"orthographic":false}