{"cameraMode":{"drawMode":0,"name":"Shaded","section":"Shading Mode"},"sceneLighting":true,"audioPlay":false,"sceneViewState":{"m_AlwaysRefresh":false,"showFog":true,"showSkybox":true,"showFlares":true,"showImageEffects":true,"showParticleSystems":true,"showVisualEffectGraphs":true,"m_FxEnabled":true},"in2DMode":false,"pivot":{"x":1.0519671440124512,"y":3.6831459999084474,"z":-7.425601482391357},"rotation":{"x":-0.08108397573232651,"y":-0.05767928063869476,"z":0.004700179677456617,"w":-0.9950262904167175},"size":3.8082523345947267,"orthographic":false}