{"cameraMode":{"drawMode":0,"name":"Shaded","section":"Shading Mode"},"sceneLighting":true,"audioPlay":false,"sceneViewState":{"m_AlwaysRefresh":false,"showFog":true,"showSkybox":true,"showFlares":true,"showImageEffects":true,"showParticleSystems":true,"showVisualEffectGraphs":true,"m_FxEnabled":true},"in2DMode":false,"pivot":{"x":-43.545684814453128,"y":7.114381790161133,"z":-9.450435638427735},"rotation":{"x":0.0008710543625056744,"y":-0.9985126852989197,"z":0.0518682487308979,"w":0.01677284575998783},"size":14.02966594696045,"orthographic":true}