{"cameraMode":{"drawMode":0,"name":"Shaded","section":"Shading Mode"},"sceneLighting":true,"audioPlay":false,"sceneViewState":{"m_AlwaysRefresh":false,"showFog":true,"showSkybox":true,"showFlares":true,"showImageEffects":true,"showParticleSystems":true,"showVisualEffectGraphs":true,"m_FxEnabled":true},"in2DMode":false,"pivot":{"x":259.2873229980469,"y":342.1541748046875,"z":-85.95721435546875},"rotation":{"x":0.1724398285150528,"y":0.03250449523329735,"z":-0.005675049033015966,"w":0.9844797849655151},"size":304.93988037109377,"orthographic":false}