{"cameraMode":{"drawMode":0,"name":"Shaded","section":"Shading Mode"},"sceneLighting":true,"audioPlay":false,"sceneViewState":{"m_AlwaysRefresh":false,"showFog":true,"showSkybox":true,"showFlares":true,"showImageEffects":true,"showParticleSystems":true,"showVisualEffectGraphs":true,"m_FxEnabled":true},"in2DMode":false,"pivot":{"x":-20.049150466918947,"y":7.656800270080566,"z":-2.7255916595458986},"rotation":{"x":-0.0000010118900490851957,"y":0.9997828006744385,"z":0.020998520776629449,"w":-4.079346069829626e-7},"size":12.768198013305664,"orthographic":false}