{"cameraMode":{"drawMode":0,"name":"Shaded","section":"Shading Mode"},"sceneLighting":true,"audioPlay":false,"sceneViewState":{"m_AlwaysRefresh":false,"showFog":true,"showSkybox":true,"showFlares":true,"showImageEffects":true,"showParticleSystems":true,"showVisualEffectGraphs":true,"m_FxEnabled":true},"in2DMode":false,"pivot":{"x":267.333740234375,"y":29.106895446777345,"z":95.85833740234375},"rotation":{"x":-0.00030959167634136975,"y":0.0035971992183476688,"z":-0.0000011187337349838345,"w":-0.9999944567680359},"size":417.2525329589844,"orthographic":false}